CBO Ocupação 2002;potec
1;Demais Ocupações
10105;Demais Ocupações
10110;Demais Ocupações
10115;Demais Ocupações
10205;Demais Ocupações
10210;Demais Ocupações
10215;Demais Ocupações
10305;Demais Ocupações
10310;Demais Ocupações
10315;Demais Ocupações
20105;Demais Ocupações
20110;Demais Ocupações
20115;Demais Ocupações
20205;Demais Ocupações
20305;Demais Ocupações
20310;Demais Ocupações
21105;Demais Ocupações
21110;Demais Ocupações
21205;Demais Ocupações
21210;Demais Ocupações
30105;Demais Ocupações
30110;Demais Ocupações
30115;Demais Ocupações
30205;Demais Ocupações
30305;Demais Ocupações
31105;Demais Ocupações
31110;Demais Ocupações
31205;Demais Ocupações
31210;Demais Ocupações
111105;Demais Ocupações
111110;Demais Ocupações
111115;Demais Ocupações
111120;Demais Ocupações
111205;Demais Ocupações
111210;Demais Ocupações
111215;Demais Ocupações
111220;Demais Ocupações
111225;Demais Ocupações
111230;Demais Ocupações
111235;Demais Ocupações
111240;Demais Ocupações
111245;Demais Ocupações
111250;Demais Ocupações
111255;Demais Ocupações
111305;Demais Ocupações
111310;Demais Ocupações
111315;Demais Ocupações
111320;Demais Ocupações
111325;Demais Ocupações
111330;Demais Ocupações
111335;Demais Ocupações
111340;Demais Ocupações
111345;Demais Ocupações
111405;Demais Ocupações
111410;Demais Ocupações
111415;Demais Ocupações
111505;Demais Ocupações
111510;Demais Ocupações
113005;Demais Ocupações
113010;Demais Ocupações
113015;Demais Ocupações
114105;Demais Ocupações
114205;Demais Ocupações
114210;Demais Ocupações
114305;Demais Ocupações
114405;Demais Ocupações
121005;Demais Ocupações
121010;Demais Ocupações
122105;Demais Ocupações
122110;Demais Ocupações
122115;Demais Ocupações
122120;Demais Ocupações
122205;Demais Ocupações
122305;Demais Ocupações
122405;Demais Ocupações
122505;Demais Ocupações
122510;Demais Ocupações
122515;Demais Ocupações
122520;Demais Ocupações
122605;Demais Ocupações
122610;Demais Ocupações
122615;Demais Ocupações
122620;Demais Ocupações
122705;Demais Ocupações
122710;Demais Ocupações
122715;Demais Ocupações
122720;Demais Ocupações
122725;Demais Ocupações
122730;Demais Ocupações
122735;Demais Ocupações
122740;Demais Ocupações
122745;Demais Ocupações
122750;Demais Ocupações
122755;Demais Ocupações
123105;Demais Ocupações
123110;Demais Ocupações
123115;Demais Ocupações
123205;Demais Ocupações
123210;Demais Ocupações
123305;Demais Ocupações
123310;Demais Ocupações
123405;Demais Ocupações
123410;Demais Ocupações
123605;Demais Ocupações
123705;Diretores e Gerentes de P&D
123805;Demais Ocupações
131105;Demais Ocupações
131110;Demais Ocupações
131115;Demais Ocupações
131120;Demais Ocupações
131205;Demais Ocupações
131210;Demais Ocupações
131215;Demais Ocupações
131220;Demais Ocupações
131225;Demais Ocupações
131305;Demais Ocupações
131310;Demais Ocupações
131315;Demais Ocupações
131320;Demais Ocupações
141105;Demais Ocupações
141110;Demais Ocupações
141115;Demais Ocupações
141120;Demais Ocupações
141205;Demais Ocupações
141305;Demais Ocupações
141405;Demais Ocupações
141410;Demais Ocupações
141415;Demais Ocupações
141420;Demais Ocupações
141505;Demais Ocupações
141510;Demais Ocupações
141515;Demais Ocupações
141520;Demais Ocupações
141525;Demais Ocupações
141605;Demais Ocupações
141610;Demais Ocupações
141615;Demais Ocupações
141705;Demais Ocupações
141710;Demais Ocupações
141715;Demais Ocupações
141720;Demais Ocupações
141725;Demais Ocupações
141730;Demais Ocupações
141735;Demais Ocupações
142105;Demais Ocupações
142110;Demais Ocupações
142115;Demais Ocupações
142120;Demais Ocupações
142205;Demais Ocupações
142210;Demais Ocupações
142305;Demais Ocupações
142310;Demais Ocupações
142315;Demais Ocupações
142320;Demais Ocupações
142325;Demais Ocupações
142330;Demais Ocupações
142335;Demais Ocupações
142340;Demais Ocupações
142345;Demais Ocupações
142405;Demais Ocupações
142410;Demais Ocupações
142415;Demais Ocupações
142505;Demais Ocupações
142510;Demais Ocupações
142515;Demais Ocupações
142520;Demais Ocupações
142525;Demais Ocupações
142530;Demais Ocupações
142535;Demais Ocupações
142605;Diretores e Gerentes de P&D
142610;Diretores e Gerentes de P&D
142705;Demais Ocupações
142710;Demais Ocupações
201105;Biotecnologistas, geneticistas, pesquisadores em metrologia e especialistas em calibrações metereológicas
201110;Biotecnologistas, geneticistas, pesquisadores em metrologia e especialistas em calibrações metereológicas
201115;Biotecnologistas, geneticistas, pesquisadores em metrologia e especialistas em calibrações metereológicas
201205;Biotecnologistas, geneticistas, pesquisadores em metrologia e especialistas em calibrações metereológicas
201210;Biotecnologistas, geneticistas, pesquisadores em metrologia e especialistas em calibrações metereológicas
201215;Biotecnologistas, geneticistas, pesquisadores em metrologia e especialistas em calibrações metereológicas
201220;Biotecnologistas, geneticistas, pesquisadores em metrologia e especialistas em calibrações metereológicas
201225;Biotecnologistas, geneticistas, pesquisadores em metrologia e especialistas em calibrações metereológicas
202105;Engenheiros Mecatrônicos
202110;Engenheiros Mecatrônicos
202115;Engenheiros Mecatrônicos
202120;Engenheiros Mecatrônicos
203005;Pesquisadores
203010;Pesquisadores
203015;Pesquisadores
203020;Pesquisadores
203025;Pesquisadores
203105;Pesquisadores
203110;Pesquisadores
203115;Pesquisadores
203120;Pesquisadores
203125;Pesquisadores
203205;Pesquisadores
203210;Pesquisadores
203215;Pesquisadores
203220;Pesquisadores
203225;Pesquisadores
203230;Pesquisadores
203305;Pesquisadores
203310;Pesquisadores
203315;Pesquisadores
203320;Pesquisadores
203405;Pesquisadores
203410;Pesquisadores
203415;Pesquisadores
203420;Pesquisadores
203505;Pesquisadores
203510;Pesquisadores
203515;Pesquisadores
203520;Pesquisadores
203525;Pesquisadores
204105;Demais Ocupações
211105;Matemáticos, estatísticos e afins
211110;Matemáticos, estatísticos e afins
211115;Matemáticos, estatísticos e afins
211120;Matemáticos, estatísticos e afins
211205;Matemáticos, estatísticos e afins
211210;Matemáticos, estatísticos e afins
211215;Matemáticos, estatísticos e afins
212205;Profissionais da Informática
212210;Profissionais da Informática
212215;Profissionais da Informática
212305;Profissionais da Informática
212310;Profissionais da Informática
212315;Profissionais da Informática
212320;Profissionais da Informática
212405;Profissionais da Informática
212410;Profissionais da Informática
212415;Profissionais da Informática
212420;Profissionais da Informática
213105;Físicos, químicos e afins
213110;Físicos, químicos e afins
213115;Físicos, químicos e afins
213120;Físicos, químicos e afins
213125;Físicos, químicos e afins
213130;Físicos, químicos e afins
213135;Físicos, químicos e afins
213140;Físicos, químicos e afins
213145;Físicos, químicos e afins
213150;Físicos, químicos e afins
213155;Físicos, químicos e afins
213160;Físicos, químicos e afins
213165;Físicos, químicos e afins
213170;Físicos, químicos e afins
213175;Físicos, químicos e afins
213205;Físicos, químicos e afins
213210;Físicos, químicos e afins
213215;Físicos, químicos e afins
213305;Físicos, químicos e afins
213310;Físicos, químicos e afins
213315;Físicos, químicos e afins
213405;Físicos, químicos e afins
213410;Físicos, químicos e afins
213415;Físicos, químicos e afins
213420;Físicos, químicos e afins
213425;Físicos, químicos e afins
213430;Físicos, químicos e afins
213435;Físicos, químicos e afins
213440;Físicos, químicos e afins
214005;Engenheiros Civis etc
214010;Engenheiros Civis etc
214105;Engenheiros Civis etc
214110;Engenheiros Civis etc
214115;Engenheiros Civis etc
214120;Engenheiros Civis etc
214125;Engenheiros Civis etc
214130;Engenheiros Civis etc
214205;Engenheiros Civis etc
214210;Engenheiros Civis etc
214215;Engenheiros Civis etc
214220;Engenheiros Civis etc
214225;Engenheiros Civis etc
214230;Engenheiros Civis etc
214235;Engenheiros Civis etc
214240;Engenheiros Civis etc
214245;Engenheiros Civis etc
214250;Engenheiros Civis etc
214255;Engenheiros Civis etc
214260;Engenheiros Civis etc
214265;Engenheiros Civis etc
214270;Engenheiros Civis etc
214275;Engenheiros Civis etc
214280;Engenheiros Civis etc
214305;Engenheiros Civis etc
214310;Engenheiros Civis etc
214315;Engenheiros Civis etc
214320;Engenheiros Civis etc
214325;Engenheiros Civis etc
214330;Engenheiros Civis etc
214335;Engenheiros Civis etc
214340;Engenheiros Civis etc
214345;Engenheiros Civis etc
214350;Engenheiros Civis etc
214355;Engenheiros Civis etc
214360;Engenheiros Civis etc
214365;Engenheiros Civis etc
214370;Engenheiros Civis etc
214405;Engenheiros Civis etc
214410;Engenheiros Civis etc
214415;Engenheiros Civis etc
214420;Engenheiros Civis etc
214425;Engenheiros Civis etc
214430;Engenheiros Civis etc
214435;Engenheiros Civis etc
214505;Engenheiros Civis etc
214510;Engenheiros Civis etc
214515;Engenheiros Civis etc
214520;Engenheiros Civis etc
214525;Engenheiros Civis etc
214530;Engenheiros Civis etc
214535;Engenheiros Civis etc
214605;Engenheiros Civis etc
214610;Engenheiros Civis etc
214615;Engenheiros Civis etc
214705;Engenheiros Civis etc
214710;Engenheiros Civis etc
214715;Engenheiros Civis etc
214720;Engenheiros Civis etc
214725;Engenheiros Civis etc
214730;Engenheiros Civis etc
214735;Engenheiros Civis etc
214740;Engenheiros Civis etc
214745;Engenheiros Civis etc
214750;Engenheiros Civis etc
214805;Engenheiros Civis etc
214810;Engenheiros Civis etc
214905;Engenheiros Civis etc
214910;Engenheiros Civis etc
214915;Engenheiros Civis etc
214920;Engenheiros Civis etc
214925;Engenheiros Civis etc
214930;Engenheiros Civis etc
214935;Engenheiros Civis etc
214940;Engenheiros Civis etc
214945;Engenheiros Civis etc
215105;Demais Ocupações
215110;Demais Ocupações
215115;Demais Ocupações
215120;Demais Ocupações
215125;Demais Ocupações
215130;Demais Ocupações
215135;Demais Ocupações
215140;Demais Ocupações
215145;Demais Ocupações
215150;Demais Ocupações
215205;Demais Ocupações
215210;Demais Ocupações
215215;Demais Ocupações
215220;Demais Ocupações
215305;Demais Ocupações
215310;Demais Ocupações
215315;Demais Ocupações
221105;Biólogos e biomédicos
221205;Biólogos e biomédicos
222105;Engenheiros agrônomos, de alimentos, florestais e de pesca
222110;Engenheiros agrônomos, de alimentos, florestais e de pesca
222115;Engenheiros agrônomos, de alimentos, florestais e de pesca
222120;Engenheiros agrônomos, de alimentos, florestais e de pesca
222205;Engenheiros agrônomos, de alimentos, florestais e de pesca
222215;Engenheiros agrônomos, de alimentos, florestais e de pesca
223106;Demais Ocupações
223112;Demais Ocupações
223114;Demais Ocupações
223115;Demais Ocupações
223116;Demais Ocupações
223117;Demais Ocupações
223118;Demais Ocupações
223120;Demais Ocupações
223122;Demais Ocupações
223124;Demais Ocupações
223125;Demais Ocupações
223128;Demais Ocupações
223129;Demais Ocupações
223132;Demais Ocupações
223133;Demais Ocupações
223138;Demais Ocupações
223139;Demais Ocupações
223140;Demais Ocupações
223141;Demais Ocupações
223142;Demais Ocupações
223145;Demais Ocupações
223146;Demais Ocupações
223148;Demais Ocupações
223149;Demais Ocupações
223151;Demais Ocupações
223153;Demais Ocupações
223204;Demais Ocupações
223208;Demais Ocupações
223212;Demais Ocupações
223216;Demais Ocupações
223220;Demais Ocupações
223224;Demais Ocupações
223228;Demais Ocupações
223232;Demais Ocupações
223236;Demais Ocupações
223240;Demais Ocupações
223244;Demais Ocupações
223248;Demais Ocupações
223252;Demais Ocupações
223256;Demais Ocupações
223260;Demais Ocupações
223264;Demais Ocupações
223268;Demais Ocupações
223272;Demais Ocupações
223276;Demais Ocupações
223280;Demais Ocupações
223284;Demais Ocupações
223288;Demais Ocupações
223293;Demais Ocupações
223305;Demais Ocupações
223310;Demais Ocupações
223405;Demais Ocupações
223410;Demais Ocupações
223415;Demais Ocupações
223420;Demais Ocupações
223425;Demais Ocupações
223430;Demais Ocupações
223435;Demais Ocupações
223440;Demais Ocupações
223445;Demais Ocupações
223505;Demais Ocupações
223510;Demais Ocupações
223515;Demais Ocupações
223520;Demais Ocupações
223525;Demais Ocupações
223530;Demais Ocupações
223535;Demais Ocupações
223540;Demais Ocupações
223545;Demais Ocupações
223550;Demais Ocupações
223555;Demais Ocupações
223560;Demais Ocupações
223565;Demais Ocupações
223570;Demais Ocupações
223605;Demais Ocupações
223620;Demais Ocupações
223625;Demais Ocupações
223630;Demais Ocupações
223635;Demais Ocupações
223640;Demais Ocupações
223645;Demais Ocupações
223650;Demais Ocupações
223655;Demais Ocupações
223660;Demais Ocupações
223705;Demais Ocupações
223710;Demais Ocupações
223810;Demais Ocupações
223815;Demais Ocupações
223820;Demais Ocupações
223825;Demais Ocupações
223830;Demais Ocupações
223835;Demais Ocupações
223840;Demais Ocupações
223845;Demais Ocupações
223905;Demais Ocupações
223910;Demais Ocupações
224105;Demais Ocupações
224110;Demais Ocupações
224115;Demais Ocupações
224120;Demais Ocupações
224125;Demais Ocupações
224130;Demais Ocupações
224135;Demais Ocupações
225103;Demais Ocupações
225105;Demais Ocupações
225106;Demais Ocupações
225109;Demais Ocupações
225110;Demais Ocupações
225112;Demais Ocupações
225115;Demais Ocupações
225118;Demais Ocupações
225120;Demais Ocupações
225121;Demais Ocupações
225122;Demais Ocupações
225124;Demais Ocupações
225125;Demais Ocupações
225127;Demais Ocupações
225130;Demais Ocupações
225133;Demais Ocupações
225135;Demais Ocupações
225136;Demais Ocupações
225139;Demais Ocupações
225140;Demais Ocupações
225142;Demais Ocupações
225145;Demais Ocupações
225148;Demais Ocupações
225150;Demais Ocupações
225151;Demais Ocupações
225154;Demais Ocupações
225155;Demais Ocupações
225160;Demais Ocupações
225165;Demais Ocupações
225170;Demais Ocupações
225175;Demais Ocupações
225180;Demais Ocupações
225185;Demais Ocupações
225195;Demais Ocupações
225203;Demais Ocupações
225210;Demais Ocupações
225215;Demais Ocupações
225220;Demais Ocupações
225225;Demais Ocupações
225230;Demais Ocupações
225235;Demais Ocupações
225240;Demais Ocupações
225250;Demais Ocupações
225255;Demais Ocupações
225260;Demais Ocupações
225265;Demais Ocupações
225270;Demais Ocupações
225275;Demais Ocupações
225280;Demais Ocupações
225285;Demais Ocupações
225290;Demais Ocupações
225295;Demais Ocupações
225305;Demais Ocupações
225310;Demais Ocupações
225315;Demais Ocupações
225320;Demais Ocupações
225325;Demais Ocupações
225330;Demais Ocupações
225335;Demais Ocupações
225340;Demais Ocupações
225345;Demais Ocupações
225350;Demais Ocupações
226105;Demais Ocupações
226110;Demais Ocupações
226305;Demais Ocupações
226310;Demais Ocupações
226315;Demais Ocupações
226320;Demais Ocupações
231105;Demais Ocupações
231110;Demais Ocupações
231205;Demais Ocupações
231210;Demais Ocupações
231305;Demais Ocupações
231310;Demais Ocupações
231315;Demais Ocupações
231320;Demais Ocupações
231325;Demais Ocupações
231330;Demais Ocupações
231335;Demais Ocupações
231340;Demais Ocupações
232105;Demais Ocupações
232110;Demais Ocupações
232115;Demais Ocupações
232120;Demais Ocupações
232125;Demais Ocupações
232130;Demais Ocupações
232135;Demais Ocupações
232140;Demais Ocupações
232145;Demais Ocupações
232150;Demais Ocupações
232155;Demais Ocupações
232160;Demais Ocupações
232165;Demais Ocupações
232170;Demais Ocupações
233105;Professores de ensino Profissional
233110;Professores de ensino Profissional
233115;Professores de ensino Profissional
233120;Professores de ensino Profissional
233125;Professores de ensino Profissional
233130;Professores de ensino Profissional
233135;Professores de ensino Profissional
233205;Professores de ensino Profissional
233210;Professores de ensino Profissional
233215;Professores de ensino Profissional
233220;Professores de ensino Profissional
233225;Professores de ensino Profissional
234105;Professores de ensino superior
234110;Professores de ensino superior
234115;Professores de ensino superior
234120;Professores de ensino superior
234125;Professores de ensino superior
234205;Professores de ensino superior
234210;Professores de ensino superior
234215;Professores de ensino superior
234305;Professores de ensino superior
234310;Professores de ensino superior
234315;Professores de ensino superior
234320;Professores de ensino superior
234405;Professores de ensino superior
234410;Professores de ensino superior
234415;Professores de ensino superior
234420;Professores de ensino superior
234425;Professores de ensino superior
234430;Professores de ensino superior
234435;Professores de ensino superior
234440;Professores de ensino superior
234445;Professores de ensino superior
234450;Professores de ensino superior
234455;Professores de ensino superior
234460;Professores de ensino superior
234505;Professores de ensino superior
234510;Professores de ensino superior
234515;Professores de ensino superior
234520;Professores de ensino superior
234604;Professores de ensino superior
234608;Professores de ensino superior
234612;Professores de ensino superior
234616;Professores de ensino superior
234620;Professores de ensino superior
234624;Professores de ensino superior
234628;Professores de ensino superior
234632;Professores de ensino superior
234636;Professores de ensino superior
234640;Professores de ensino superior
234644;Professores de ensino superior
234648;Professores de ensino superior
234652;Professores de ensino superior
234656;Professores de ensino superior
234660;Professores de ensino superior
234664;Professores de ensino superior
234668;Professores de ensino superior
234672;Professores de ensino superior
234676;Professores de ensino superior
234680;Professores de ensino superior
234684;Professores de ensino superior
234705;Professores de ensino superior
234710;Professores de ensino superior
234715;Professores de ensino superior
234720;Professores de ensino superior
234725;Professores de ensino superior
234730;Professores de ensino superior
234735;Professores de ensino superior
234740;Professores de ensino superior
234745;Professores de ensino superior
234750;Professores de ensino superior
234755;Professores de ensino superior
234760;Professores de ensino superior
234765;Professores de ensino superior
234770;Professores de ensino superior
234805;Professores de ensino superior
234810;Professores de ensino superior
234815;Professores de ensino superior
234905;Professores de ensino superior
234910;Professores de ensino superior
234915;Professores de ensino superior
239205;Demais Ocupações
239210;Demais Ocupações
239215;Demais Ocupações
239220;Demais Ocupações
239225;Demais Ocupações
239405;Demais Ocupações
239410;Demais Ocupações
239415;Demais Ocupações
239420;Demais Ocupações
239425;Demais Ocupações
239430;Demais Ocupações
239435;Demais Ocupações
241005;Demais Ocupações
241010;Demais Ocupações
241015;Demais Ocupações
241020;Demais Ocupações
241025;Demais Ocupações
241030;Demais Ocupações
241035;Demais Ocupações
241040;Demais Ocupações
241205;Demais Ocupações
241210;Demais Ocupações
241215;Demais Ocupações
241220;Demais Ocupações
241225;Demais Ocupações
241230;Demais Ocupações
241235;Demais Ocupações
241305;Demais Ocupações
241310;Demais Ocupações
241315;Demais Ocupações
241320;Demais Ocupações
241325;Demais Ocupações
241330;Demais Ocupações
241335;Demais Ocupações
241340;Demais Ocupações
242205;Demais Ocupações
242210;Demais Ocupações
242215;Demais Ocupações
242220;Demais Ocupações
242225;Demais Ocupações
242230;Demais Ocupações
242235;Demais Ocupações
242240;Demais Ocupações
242245;Demais Ocupações
242250;Demais Ocupações
242305;Demais Ocupações
242405;Demais Ocupações
242410;Demais Ocupações
242905;Demais Ocupações
242910;Demais Ocupações
251105;Demais Ocupações
251110;Demais Ocupações
251115;Demais Ocupações
251120;Demais Ocupações
251205;Demais Ocupações
251210;Demais Ocupações
251215;Demais Ocupações
251220;Demais Ocupações
251225;Demais Ocupações
251230;Demais Ocupações
251235;Demais Ocupações
251305;Demais Ocupações
251405;Demais Ocupações
251505;Demais Ocupações
251510;Demais Ocupações
251515;Demais Ocupações
251520;Demais Ocupações
251525;Demais Ocupações
251530;Demais Ocupações
251535;Demais Ocupações
251540;Demais Ocupações
251545;Demais Ocupações
251550;Demais Ocupações
251555;Demais Ocupações
251605;Demais Ocupações
251610;Demais Ocupações
252105;Demais Ocupações
252205;Demais Ocupações
252210;Demais Ocupações
252215;Demais Ocupações
252305;Demais Ocupações
252310;Demais Ocupações
252315;Demais Ocupações
252320;Demais Ocupações
252405;Demais Ocupações
252505;Demais Ocupações
252510;Demais Ocupações
252515;Demais Ocupações
252525;Demais Ocupações
252530;Demais Ocupações
252535;Demais Ocupações
252540;Demais Ocupações
252545;Demais Ocupações
252550;Demais Ocupações
252605;Demais Ocupações
252705;Demais Ocupações
252710;Demais Ocupações
252715;Demais Ocupações
252720;Demais Ocupações
252725;Demais Ocupações
253105;Demais Ocupações
253110;Demais Ocupações
253115;Demais Ocupações
253120;Demais Ocupações
253125;Demais Ocupações
253130;Demais Ocupações
253135;Demais Ocupações
253140;Demais Ocupações
253205;Demais Ocupações
253210;Demais Ocupações
253215;Demais Ocupações
253220;Demais Ocupações
253225;Demais Ocupações
253305;Demais Ocupações
254105;Demais Ocupações
254110;Demais Ocupações
254205;Demais Ocupações
254305;Demais Ocupações
254310;Demais Ocupações
254405;Demais Ocupações
254410;Demais Ocupações
254415;Demais Ocupações
254420;Demais Ocupações
254505;Demais Ocupações
261105;Demais Ocupações
261110;Demais Ocupações
261115;Demais Ocupações
261120;Demais Ocupações
261125;Demais Ocupações
261130;Demais Ocupações
261135;Demais Ocupações
261140;Demais Ocupações
261205;Demais Ocupações
261210;Demais Ocupações
261215;Demais Ocupações
261305;Demais Ocupações
261310;Demais Ocupações
261405;Demais Ocupações
261410;Demais Ocupações
261415;Demais Ocupações
261420;Demais Ocupações
261425;Demais Ocupações
261430;Demais Ocupações
261505;Demais Ocupações
261510;Demais Ocupações
261515;Demais Ocupações
261520;Demais Ocupações
261525;Demais Ocupações
261530;Demais Ocupações
261605;Demais Ocupações
261610;Demais Ocupações
261615;Demais Ocupações
261620;Demais Ocupações
261625;Demais Ocupações
261705;Demais Ocupações
261710;Demais Ocupações
261715;Demais Ocupações
261720;Demais Ocupações
261725;Demais Ocupações
261730;Demais Ocupações
261805;Demais Ocupações
261810;Demais Ocupações
261815;Demais Ocupações
261820;Demais Ocupações
261905;Demais Ocupações
261910;Demais Ocupações
262105;Demais Ocupações
262110;Demais Ocupações
262115;Demais Ocupações
262120;Demais Ocupações
262125;Demais Ocupações
262130;Demais Ocupações
262135;Demais Ocupações
262205;Demais Ocupações
262210;Demais Ocupações
262215;Demais Ocupações
262220;Demais Ocupações
262225;Demais Ocupações
262230;Demais Ocupações
262235;Demais Ocupações
262305;Demais Ocupações
262310;Demais Ocupações
262315;Demais Ocupações
262320;Demais Ocupações
262325;Demais Ocupações
262330;Demais Ocupações
262405;Demais Ocupações
262410;Demais Ocupações
262415;Demais Ocupações
262420;Demais Ocupações
262425;Demais Ocupações
262505;Demais Ocupações
262605;Demais Ocupações
262610;Demais Ocupações
262615;Demais Ocupações
262620;Demais Ocupações
262705;Demais Ocupações
262710;Demais Ocupações
262805;Demais Ocupações
262810;Demais Ocupações
262815;Demais Ocupações
262820;Demais Ocupações
262825;Demais Ocupações
262830;Demais Ocupações
262905;Demais Ocupações
263105;Demais Ocupações
263110;Demais Ocupações
263115;Demais Ocupações
271105;Demais Ocupações
271110;Demais Ocupações
300105;Demais Ocupações
300110;Demais Ocupações
300305;Demais Ocupações
301105;Demais Ocupações
301110;Demais Ocupações
301115;Demais Ocupações
301205;Demais Ocupações
311105;Demais Ocupações
311110;Demais Ocupações
311115;Demais Ocupações
311205;Demais Ocupações
311305;Demais Ocupações
311405;Demais Ocupações
311410;Demais Ocupações
311505;Demais Ocupações
311510;Demais Ocupações
311515;Demais Ocupações
311520;Demais Ocupações
311605;Demais Ocupações
311610;Demais Ocupações
311615;Demais Ocupações
311620;Demais Ocupações
311625;Demais Ocupações
311705;Demais Ocupações
311710;Demais Ocupações
311715;Demais Ocupações
311720;Demais Ocupações
311725;Demais Ocupações
312105;Demais Ocupações
312205;Demais Ocupações
312210;Demais Ocupações
312305;Demais Ocupações
312310;Demais Ocupações
312315;Demais Ocupações
312320;Demais Ocupações
313105;Demais Ocupações
313110;Demais Ocupações
313115;Demais Ocupações
313120;Demais Ocupações
313125;Demais Ocupações
313130;Demais Ocupações
313205;Demais Ocupações
313210;Demais Ocupações
313215;Demais Ocupações
313220;Demais Ocupações
313305;Demais Ocupações
313310;Demais Ocupações
313315;Demais Ocupações
313320;Demais Ocupações
313405;Demais Ocupações
313410;Demais Ocupações
313415;Demais Ocupações
313505;Demais Ocupações
314105;Demais Ocupações
314110;Demais Ocupações
314115;Demais Ocupações
314120;Demais Ocupações
314125;Demais Ocupações
314205;Demais Ocupações
314210;Demais Ocupações
314305;Demais Ocupações
314310;Demais Ocupações
314315;Demais Ocupações
314405;Demais Ocupações
314410;Demais Ocupações
314605;Demais Ocupações
314610;Demais Ocupações
314615;Demais Ocupações
314620;Demais Ocupações
314625;Demais Ocupações
314705;Demais Ocupações
314710;Demais Ocupações
314715;Demais Ocupações
314720;Demais Ocupações
314725;Demais Ocupações
314730;Demais Ocupações
316105;Demais Ocupações
316110;Demais Ocupações
316115;Demais Ocupações
316120;Demais Ocupações
316305;Demais Ocupações
316310;Demais Ocupações
316315;Demais Ocupações
316320;Demais Ocupações
316325;Demais Ocupações
316330;Demais Ocupações
316335;Demais Ocupações
316340;Demais Ocupações
317105;Demais Ocupações
317110;Demais Ocupações
317115;Demais Ocupações
317120;Demais Ocupações
317205;Demais Ocupações
317210;Demais Ocupações
318005;Demais Ocupações
318010;Demais Ocupações
318015;Demais Ocupações
318105;Demais Ocupações
318110;Demais Ocupações
318115;Demais Ocupações
318120;Demais Ocupações
318205;Demais Ocupações
318210;Demais Ocupações
318215;Demais Ocupações
318305;Demais Ocupações
318310;Demais Ocupações
318405;Demais Ocupações
318410;Demais Ocupações
318415;Demais Ocupações
318420;Demais Ocupações
318425;Demais Ocupações
318430;Demais Ocupações
318505;Demais Ocupações
318510;Demais Ocupações
318605;Demais Ocupações
318610;Demais Ocupações
318705;Demais Ocupações
318710;Demais Ocupações
318805;Demais Ocupações
318810;Demais Ocupações
318815;Demais Ocupações
319105;Demais Ocupações
319110;Demais Ocupações
319205;Demais Ocupações
320105;Demais Ocupações
320110;Demais Ocupações
321105;Demais Ocupações
321110;Demais Ocupações
321205;Demais Ocupações
321210;Demais Ocupações
321305;Demais Ocupações
321310;Demais Ocupações
321315;Demais Ocupações
321320;Demais Ocupações
322105;Demais Ocupações
322110;Demais Ocupações
322115;Demais Ocupações
322120;Demais Ocupações
322125;Demais Ocupações
322130;Demais Ocupações
322135;Demais Ocupações
322205;Demais Ocupações
322210;Demais Ocupações
322215;Demais Ocupações
322220;Demais Ocupações
322225;Demais Ocupações
322230;Demais Ocupações
322235;Demais Ocupações
322240;Demais Ocupações
322245;Demais Ocupações
322250;Demais Ocupações
322305;Demais Ocupações
322405;Demais Ocupações
322410;Demais Ocupações
322415;Demais Ocupações
322420;Demais Ocupações
322425;Demais Ocupações
322430;Demais Ocupações
322505;Demais Ocupações
322605;Demais Ocupações
323105;Demais Ocupações
324105;Demais Ocupações
324110;Demais Ocupações
324115;Demais Ocupações
324120;Demais Ocupações
324125;Demais Ocupações
324130;Demais Ocupações
324205;Demais Ocupações
324210;Demais Ocupações
324215;Demais Ocupações
324220;Demais Ocupações
325005;Demais Ocupações
325010;Demais Ocupações
325015;Demais Ocupações
325105;Demais Ocupações
325110;Demais Ocupações
325115;Demais Ocupações
325205;Demais Ocupações
325210;Demais Ocupações
325305;Demais Ocupações
325310;Demais Ocupações
328105;Demais Ocupações
328110;Demais Ocupações
331105;Demais Ocupações
331110;Demais Ocupações
331205;Demais Ocupações
331305;Demais Ocupações
332105;Demais Ocupações
332205;Demais Ocupações
333105;Demais Ocupações
333110;Demais Ocupações
333115;Demais Ocupações
334105;Demais Ocupações
334110;Demais Ocupações
334115;Demais Ocupações
341105;Demais Ocupações
341110;Demais Ocupações
341115;Demais Ocupações
341120;Demais Ocupações
341205;Demais Ocupações
341210;Demais Ocupações
341215;Demais Ocupações
341220;Demais Ocupações
341225;Demais Ocupações
341230;Demais Ocupações
341235;Demais Ocupações
341240;Demais Ocupações
341245;Demais Ocupações
341250;Demais Ocupações
341305;Demais Ocupações
341310;Demais Ocupações
341315;Demais Ocupações
341320;Demais Ocupações
341325;Demais Ocupações
342105;Demais Ocupações
342110;Demais Ocupações
342115;Demais Ocupações
342120;Demais Ocupações
342125;Demais Ocupações
342205;Demais Ocupações
342210;Demais Ocupações
342215;Demais Ocupações
342305;Demais Ocupações
342310;Demais Ocupações
342315;Demais Ocupações
342405;Demais Ocupações
342410;Demais Ocupações
342505;Demais Ocupações
342510;Demais Ocupações
342515;Demais Ocupações
342520;Demais Ocupações
342525;Demais Ocupações
342530;Demais Ocupações
342535;Demais Ocupações
342540;Demais Ocupações
342545;Demais Ocupações
342550;Demais Ocupações
342605;Demais Ocupações
342610;Demais Ocupações
351105;Demais Ocupações
351110;Demais Ocupações
351115;Demais Ocupações
351305;Demais Ocupações
351310;Demais Ocupações
351315;Demais Ocupações
351405;Demais Ocupações
351410;Demais Ocupações
351415;Demais Ocupações
351420;Demais Ocupações
351425;Demais Ocupações
351430;Demais Ocupações
351505;Demais Ocupações
351510;Demais Ocupações
351515;Demais Ocupações
351605;Demais Ocupações
351610;Demais Ocupações
351705;Demais Ocupações
351710;Demais Ocupações
351715;Demais Ocupações
351720;Demais Ocupações
351725;Demais Ocupações
351730;Demais Ocupações
351735;Demais Ocupações
351740;Demais Ocupações
351805;Demais Ocupações
351810;Demais Ocupações
351815;Demais Ocupações
351905;Demais Ocupações
351910;Demais Ocupações
352205;Demais Ocupações
352210;Demais Ocupações
352305;Demais Ocupações
352310;Demais Ocupações
352315;Demais Ocupações
352320;Demais Ocupações
352405;Demais Ocupações
352410;Demais Ocupações
352415;Demais Ocupações
352420;Demais Ocupações
353205;Demais Ocupações
353210;Demais Ocupações
353215;Demais Ocupações
353220;Demais Ocupações
353225;Demais Ocupações
353230;Demais Ocupações
353235;Demais Ocupações
354110;Demais Ocupações
354120;Demais Ocupações
354125;Demais Ocupações
354130;Demais Ocupações
354135;Demais Ocupações
354140;Demais Ocupações
354145;Demais Ocupações
354150;Demais Ocupações
354205;Demais Ocupações
354210;Demais Ocupações
354305;Demais Ocupações
354405;Demais Ocupações
354410;Demais Ocupações
354415;Demais Ocupações
354505;Demais Ocupações
354605;Demais Ocupações
354705;Demais Ocupações
354805;Demais Ocupações
354810;Demais Ocupações
354815;Demais Ocupações
354820;Demais Ocupações
354825;Demais Ocupações
371105;Demais Ocupações
371110;Demais Ocupações
371205;Demais Ocupações
371210;Demais Ocupações
371305;Demais Ocupações
371310;Demais Ocupações
371405;Demais Ocupações
371410;Demais Ocupações
372105;Demais Ocupações
372110;Demais Ocupações
372115;Demais Ocupações
372205;Demais Ocupações
372210;Demais Ocupações
373105;Demais Ocupações
373110;Demais Ocupações
373115;Demais Ocupações
373120;Demais Ocupações
373125;Demais Ocupações
373130;Demais Ocupações
373135;Demais Ocupações
373140;Demais Ocupações
373145;Demais Ocupações
373205;Demais Ocupações
373210;Demais Ocupações
373215;Demais Ocupações
373220;Demais Ocupações
373225;Demais Ocupações
373230;Demais Ocupações
374105;Demais Ocupações
374110;Demais Ocupações
374115;Demais Ocupações
374120;Demais Ocupações
374125;Demais Ocupações
374130;Demais Ocupações
374135;Demais Ocupações
374140;Demais Ocupações
374145;Demais Ocupações
374150;Demais Ocupações
374155;Demais Ocupações
374205;Demais Ocupações
374210;Demais Ocupações
374215;Demais Ocupações
374305;Demais Ocupações
374310;Demais Ocupações
374405;Demais Ocupações
374410;Demais Ocupações
374415;Demais Ocupações
374420;Demais Ocupações
374425;Demais Ocupações
375105;Demais Ocupações
375110;Demais Ocupações
375115;Demais Ocupações
375120;Demais Ocupações
376105;Demais Ocupações
376110;Demais Ocupações
376205;Demais Ocupações
376210;Demais Ocupações
376215;Demais Ocupações
376220;Demais Ocupações
376225;Demais Ocupações
376230;Demais Ocupações
376235;Demais Ocupações
376240;Demais Ocupações
376245;Demais Ocupações
376250;Demais Ocupações
376255;Demais Ocupações
376305;Demais Ocupações
376310;Demais Ocupações
376315;Demais Ocupações
376320;Demais Ocupações
376325;Demais Ocupações
376330;Demais Ocupações
376405;Demais Ocupações
376410;Demais Ocupações
376415;Demais Ocupações
377105;Demais Ocupações
377110;Demais Ocupações
377115;Demais Ocupações
377120;Demais Ocupações
377125;Demais Ocupações
377130;Demais Ocupações
377135;Demais Ocupações
377140;Demais Ocupações
377145;Demais Ocupações
377205;Demais Ocupações
377210;Demais Ocupações
377215;Demais Ocupações
377220;Demais Ocupações
377225;Demais Ocupações
377230;Demais Ocupações
377235;Demais Ocupações
377240;Demais Ocupações
377245;Demais Ocupações
391105;Demais Ocupações
391110;Demais Ocupações
391115;Demais Ocupações
391120;Demais Ocupações
391125;Demais Ocupações
391130;Demais Ocupações
391135;Demais Ocupações
391205;Demais Ocupações
391210;Demais Ocupações
391215;Demais Ocupações
391220;Demais Ocupações
391225;Demais Ocupações
391230;Demais Ocupações
395105;Demais Ocupações
395110;Demais Ocupações
410105;Demais Ocupações
410205;Demais Ocupações
410210;Demais Ocupações
410215;Demais Ocupações
410220;Demais Ocupações
410225;Demais Ocupações
410230;Demais Ocupações
410235;Demais Ocupações
410240;Demais Ocupações
411005;Demais Ocupações
411010;Demais Ocupações
411015;Demais Ocupações
411020;Demais Ocupações
411025;Demais Ocupações
411030;Demais Ocupações
411035;Demais Ocupações
411040;Demais Ocupações
411045;Demais Ocupações
411050;Demais Ocupações
412105;Demais Ocupações
412110;Demais Ocupações
412115;Demais Ocupações
412120;Demais Ocupações
412205;Demais Ocupações
413105;Demais Ocupações
413110;Demais Ocupações
413115;Demais Ocupações
413205;Demais Ocupações
413210;Demais Ocupações
413215;Demais Ocupações
413220;Demais Ocupações
413225;Demais Ocupações
413230;Demais Ocupações
414105;Demais Ocupações
414110;Demais Ocupações
414115;Demais Ocupações
414120;Demais Ocupações
414125;Demais Ocupações
414135;Demais Ocupações
414140;Demais Ocupações
414205;Demais Ocupações
414210;Demais Ocupações
414215;Demais Ocupações
415105;Demais Ocupações
415115;Demais Ocupações
415120;Demais Ocupações
415125;Demais Ocupações
415130;Demais Ocupações
415205;Demais Ocupações
415210;Demais Ocupações
415215;Demais Ocupações
415305;Demais Ocupações
420105;Demais Ocupações
420110;Demais Ocupações
420115;Demais Ocupações
420120;Demais Ocupações
420125;Demais Ocupações
420130;Demais Ocupações
420135;Demais Ocupações
421105;Demais Ocupações
421110;Demais Ocupações
421115;Demais Ocupações
421120;Demais Ocupações
421125;Demais Ocupações
421205;Demais Ocupações
421210;Demais Ocupações
421305;Demais Ocupações
421310;Demais Ocupações
421315;Demais Ocupações
422105;Demais Ocupações
422110;Demais Ocupações
422115;Demais Ocupações
422120;Demais Ocupações
422125;Demais Ocupações
422130;Demais Ocupações
422205;Demais Ocupações
422210;Demais Ocupações
422215;Demais Ocupações
422220;Demais Ocupações
422305;Demais Ocupações
422310;Demais Ocupações
422315;Demais Ocupações
422320;Demais Ocupações
423105;Demais Ocupações
423110;Demais Ocupações
424105;Demais Ocupações
424110;Demais Ocupações
424115;Demais Ocupações
424120;Demais Ocupações
424125;Demais Ocupações
424130;Demais Ocupações
424205;Demais Ocupações
424210;Demais Ocupações
510105;Demais Ocupações
510110;Demais Ocupações
510115;Demais Ocupações
510120;Demais Ocupações
510125;Demais Ocupações
510130;Demais Ocupações
510135;Demais Ocupações
510205;Demais Ocupações
510305;Demais Ocupações
510310;Demais Ocupações
511105;Demais Ocupações
511110;Demais Ocupações
511115;Demais Ocupações
511205;Demais Ocupações
511210;Demais Ocupações
511215;Demais Ocupações
511220;Demais Ocupações
511405;Demais Ocupações
511505;Demais Ocupações
511510;Demais Ocupações
512105;Demais Ocupações
512110;Demais Ocupações
512115;Demais Ocupações
512120;Demais Ocupações
513105;Demais Ocupações
513110;Demais Ocupações
513115;Demais Ocupações
513205;Demais Ocupações
513210;Demais Ocupações
513215;Demais Ocupações
513220;Demais Ocupações
513225;Demais Ocupações
513305;Demais Ocupações
513310;Demais Ocupações
513315;Demais Ocupações
513320;Demais Ocupações
513325;Demais Ocupações
513405;Demais Ocupações
513410;Demais Ocupações
513415;Demais Ocupações
513420;Demais Ocupações
513425;Demais Ocupações
513430;Demais Ocupações
513435;Demais Ocupações
513440;Demais Ocupações
513505;Demais Ocupações
513605;Demais Ocupações
513610;Demais Ocupações
513615;Demais Ocupações
514105;Demais Ocupações
514110;Demais Ocupações
514115;Demais Ocupações
514120;Demais Ocupações
514205;Demais Ocupações
514210;Demais Ocupações
514215;Demais Ocupações
514220;Demais Ocupações
514225;Demais Ocupações
514230;Demais Ocupações
514305;Demais Ocupações
514310;Demais Ocupações
514315;Demais Ocupações
514320;Demais Ocupações
514325;Demais Ocupações
514330;Demais Ocupações
515105;Demais Ocupações
515110;Demais Ocupações
515115;Demais Ocupações
515120;Demais Ocupações
515125;Demais Ocupações
515130;Demais Ocupações
515135;Demais Ocupações
515140;Demais Ocupações
515205;Demais Ocupações
515210;Demais Ocupações
515215;Demais Ocupações
515220;Demais Ocupações
515225;Demais Ocupações
515305;Demais Ocupações
515310;Demais Ocupações
515315;Demais Ocupações
515320;Demais Ocupações
515325;Demais Ocupações
515330;Demais Ocupações
516105;Demais Ocupações
516110;Demais Ocupações
516120;Demais Ocupações
516125;Demais Ocupações
516130;Demais Ocupações
516140;Demais Ocupações
516205;Demais Ocupações
516210;Demais Ocupações
516215;Demais Ocupações
516220;Demais Ocupações
516305;Demais Ocupações
516310;Demais Ocupações
516315;Demais Ocupações
516320;Demais Ocupações
516325;Demais Ocupações
516330;Demais Ocupações
516335;Demais Ocupações
516340;Demais Ocupações
516345;Demais Ocupações
516405;Demais Ocupações
516410;Demais Ocupações
516415;Demais Ocupações
516505;Demais Ocupações
516605;Demais Ocupações
516610;Demais Ocupações
516705;Demais Ocupações
516710;Demais Ocupações
516805;Demais Ocupações
516810;Demais Ocupações
517105;Demais Ocupações
517110;Demais Ocupações
517115;Demais Ocupações
517205;Demais Ocupações
517210;Demais Ocupações
517215;Demais Ocupações
517220;Demais Ocupações
517225;Demais Ocupações
517305;Demais Ocupações
517310;Demais Ocupações
517315;Demais Ocupações
517320;Demais Ocupações
517325;Demais Ocupações
517330;Demais Ocupações
517335;Demais Ocupações
517405;Demais Ocupações
517410;Demais Ocupações
517415;Demais Ocupações
517420;Demais Ocupações
517425;Demais Ocupações
519105;Demais Ocupações
519110;Demais Ocupações
519115;Demais Ocupações
519205;Demais Ocupações
519210;Demais Ocupações
519215;Demais Ocupações
519305;Demais Ocupações
519310;Demais Ocupações
519315;Demais Ocupações
519320;Demais Ocupações
519805;Demais Ocupações
519905;Demais Ocupações
519910;Demais Ocupações
519915;Demais Ocupações
519920;Demais Ocupações
519925;Demais Ocupações
519930;Demais Ocupações
519935;Demais Ocupações
519940;Demais Ocupações
519945;Demais Ocupações
520105;Demais Ocupações
520110;Demais Ocupações
521105;Demais Ocupações
521110;Demais Ocupações
521115;Demais Ocupações
521120;Demais Ocupações
521125;Demais Ocupações
521130;Demais Ocupações
521135;Demais Ocupações
521140;Demais Ocupações
523105;Demais Ocupações
523110;Demais Ocupações
523115;Demais Ocupações
524105;Demais Ocupações
524205;Demais Ocupações
524210;Demais Ocupações
524215;Demais Ocupações
524305;Demais Ocupações
524310;Demais Ocupações
524315;Demais Ocupações
611005;Demais Ocupações
612005;Demais Ocupações
612105;Demais Ocupações
612110;Demais Ocupações
612115;Demais Ocupações
612120;Demais Ocupações
612125;Demais Ocupações
612205;Demais Ocupações
612210;Demais Ocupações
612215;Demais Ocupações
612220;Demais Ocupações
612225;Demais Ocupações
612305;Demais Ocupações
612310;Demais Ocupações
612315;Demais Ocupações
612320;Demais Ocupações
612405;Demais Ocupações
612410;Demais Ocupações
612415;Demais Ocupações
612420;Demais Ocupações
612505;Demais Ocupações
612510;Demais Ocupações
612515;Demais Ocupações
612605;Demais Ocupações
612610;Demais Ocupações
612615;Demais Ocupações
612620;Demais Ocupações
612625;Demais Ocupações
612705;Demais Ocupações
612710;Demais Ocupações
612715;Demais Ocupações
612720;Demais Ocupações
612725;Demais Ocupações
612730;Demais Ocupações
612735;Demais Ocupações
612740;Demais Ocupações
612805;Demais Ocupações
612810;Demais Ocupações
613005;Demais Ocupações
613010;Demais Ocupações
613105;Demais Ocupações
613110;Demais Ocupações
613115;Demais Ocupações
613120;Demais Ocupações
613125;Demais Ocupações
613130;Demais Ocupações
613205;Demais Ocupações
613210;Demais Ocupações
613215;Demais Ocupações
613305;Demais Ocupações
613310;Demais Ocupações
613405;Demais Ocupações
613410;Demais Ocupações
613415;Demais Ocupações
613420;Demais Ocupações
620105;Demais Ocupações
620110;Demais Ocupações
620115;Demais Ocupações
621005;Demais Ocupações
622005;Demais Ocupações
622010;Demais Ocupações
622015;Demais Ocupações
622020;Demais Ocupações
622105;Demais Ocupações
622110;Demais Ocupações
622115;Demais Ocupações
622120;Demais Ocupações
622205;Demais Ocupações
622210;Demais Ocupações
622215;Demais Ocupações
622305;Demais Ocupações
622310;Demais Ocupações
622315;Demais Ocupações
622320;Demais Ocupações
622405;Demais Ocupações
622410;Demais Ocupações
622415;Demais Ocupações
622420;Demais Ocupações
622425;Demais Ocupações
622505;Demais Ocupações
622510;Demais Ocupações
622515;Demais Ocupações
622605;Demais Ocupações
622610;Demais Ocupações
622615;Demais Ocupações
622620;Demais Ocupações
622625;Demais Ocupações
622705;Demais Ocupações
622710;Demais Ocupações
622715;Demais Ocupações
622720;Demais Ocupações
622725;Demais Ocupações
622730;Demais Ocupações
622735;Demais Ocupações
622740;Demais Ocupações
622805;Demais Ocupações
622810;Demais Ocupações
623005;Demais Ocupações
623010;Demais Ocupações
623015;Demais Ocupações
623020;Demais Ocupações
623025;Demais Ocupações
623030;Demais Ocupações
623105;Demais Ocupações
623110;Demais Ocupações
623115;Demais Ocupações
623120;Demais Ocupações
623125;Demais Ocupações
623205;Demais Ocupações
623210;Demais Ocupações
623215;Demais Ocupações
623305;Demais Ocupações
623310;Demais Ocupações
623315;Demais Ocupações
623320;Demais Ocupações
623325;Demais Ocupações
623405;Demais Ocupações
623410;Demais Ocupações
623415;Demais Ocupações
623420;Demais Ocupações
630105;Demais Ocupações
630110;Demais Ocupações
631005;Demais Ocupações
631010;Demais Ocupações
631015;Demais Ocupações
631020;Demais Ocupações
631105;Demais Ocupações
631205;Demais Ocupações
631210;Demais Ocupações
631305;Demais Ocupações
631310;Demais Ocupações
631315;Demais Ocupações
631320;Demais Ocupações
631325;Demais Ocupações
631330;Demais Ocupações
631335;Demais Ocupações
631405;Demais Ocupações
631410;Demais Ocupações
631415;Demais Ocupações
631420;Demais Ocupações
632005;Demais Ocupações
632010;Demais Ocupações
632015;Demais Ocupações
632105;Demais Ocupações
632110;Demais Ocupações
632115;Demais Ocupações
632120;Demais Ocupações
632125;Demais Ocupações
632205;Demais Ocupações
632210;Demais Ocupações
632215;Demais Ocupações
632305;Demais Ocupações
632310;Demais Ocupações
632315;Demais Ocupações
632320;Demais Ocupações
632325;Demais Ocupações
632330;Demais Ocupações
632335;Demais Ocupações
632340;Demais Ocupações
632345;Demais Ocupações
632350;Demais Ocupações
632355;Demais Ocupações
632360;Demais Ocupações
632365;Demais Ocupações
632370;Demais Ocupações
632405;Demais Ocupações
632410;Demais Ocupações
632415;Demais Ocupações
632420;Demais Ocupações
632505;Demais Ocupações
632510;Demais Ocupações
632515;Demais Ocupações
632520;Demais Ocupações
632525;Demais Ocupações
632605;Demais Ocupações
632610;Demais Ocupações
632615;Demais Ocupações
641005;Demais Ocupações
641010;Demais Ocupações
641015;Demais Ocupações
642005;Demais Ocupações
642010;Demais Ocupações
642015;Demais Ocupações
643005;Demais Ocupações
643010;Demais Ocupações
643015;Demais Ocupações
643020;Demais Ocupações
643025;Demais Ocupações
710105;Demais Ocupações
710110;Demais Ocupações
710115;Demais Ocupações
710120;Demais Ocupações
710125;Demais Ocupações
710205;Demais Ocupações
710210;Demais Ocupações
710215;Demais Ocupações
710220;Demais Ocupações
710225;Demais Ocupações
711105;Demais Ocupações
711110;Demais Ocupações
711115;Demais Ocupações
711120;Demais Ocupações
711125;Demais Ocupações
711130;Demais Ocupações
711205;Demais Ocupações
711210;Demais Ocupações
711215;Demais Ocupações
711220;Demais Ocupações
711225;Demais Ocupações
711230;Demais Ocupações
711235;Demais Ocupações
711240;Demais Ocupações
711245;Demais Ocupações
711305;Demais Ocupações
711310;Demais Ocupações
711315;Demais Ocupações
711320;Demais Ocupações
711325;Demais Ocupações
711330;Demais Ocupações
711405;Demais Ocupações
711410;Demais Ocupações
712105;Demais Ocupações
712110;Demais Ocupações
712115;Demais Ocupações
712120;Demais Ocupações
712125;Demais Ocupações
712130;Demais Ocupações
712135;Demais Ocupações
712205;Demais Ocupações
712210;Demais Ocupações
712215;Demais Ocupações
712220;Demais Ocupações
712225;Demais Ocupações
712230;Demais Ocupações
715105;Demais Ocupações
715110;Demais Ocupações
715115;Demais Ocupações
715120;Demais Ocupações
715125;Demais Ocupações
715130;Demais Ocupações
715135;Demais Ocupações
715140;Demais Ocupações
715145;Demais Ocupações
715205;Demais Ocupações
715210;Demais Ocupações
715215;Demais Ocupações
715220;Demais Ocupações
715225;Demais Ocupações
715230;Demais Ocupações
715305;Demais Ocupações
715310;Demais Ocupações
715315;Demais Ocupações
715405;Demais Ocupações
715410;Demais Ocupações
715415;Demais Ocupações
715505;Demais Ocupações
715510;Demais Ocupações
715515;Demais Ocupações
715520;Demais Ocupações
715525;Demais Ocupações
715530;Demais Ocupações
715535;Demais Ocupações
715540;Demais Ocupações
715545;Demais Ocupações
715605;Demais Ocupações
715610;Demais Ocupações
715615;Demais Ocupações
715705;Demais Ocupações
715710;Demais Ocupações
715715;Demais Ocupações
715720;Demais Ocupações
715725;Demais Ocupações
715730;Demais Ocupações
716105;Demais Ocupações
716110;Demais Ocupações
716205;Demais Ocupações
716210;Demais Ocupações
716215;Demais Ocupações
716220;Demais Ocupações
716305;Demais Ocupações
716310;Demais Ocupações
716315;Demais Ocupações
716405;Demais Ocupações
716505;Demais Ocupações
716510;Demais Ocupações
716515;Demais Ocupações
716520;Demais Ocupações
716525;Demais Ocupações
716530;Demais Ocupações
716535;Demais Ocupações
716540;Demais Ocupações
716605;Demais Ocupações
716610;Demais Ocupações
716615;Demais Ocupações
717005;Demais Ocupações
717010;Demais Ocupações
717015;Demais Ocupações
717020;Demais Ocupações
717025;Demais Ocupações
720105;Demais Ocupações
720110;Demais Ocupações
720115;Demais Ocupações
720120;Demais Ocupações
720125;Demais Ocupações
720130;Demais Ocupações
720135;Demais Ocupações
720140;Demais Ocupações
720145;Demais Ocupações
720150;Demais Ocupações
720155;Demais Ocupações
720160;Demais Ocupações
720205;Demais Ocupações
720210;Demais Ocupações
720215;Demais Ocupações
720220;Demais Ocupações
721105;Demais Ocupações
721110;Demais Ocupações
721115;Demais Ocupações
721205;Demais Ocupações
721210;Demais Ocupações
721215;Demais Ocupações
721220;Demais Ocupações
721225;Demais Ocupações
721305;Demais Ocupações
721310;Demais Ocupações
721315;Demais Ocupações
721320;Demais Ocupações
721325;Demais Ocupações
721405;Demais Ocupações
721410;Demais Ocupações
721415;Demais Ocupações
721420;Demais Ocupações
721425;Demais Ocupações
721430;Demais Ocupações
722105;Demais Ocupações
722110;Demais Ocupações
722115;Demais Ocupações
722205;Demais Ocupações
722210;Demais Ocupações
722215;Demais Ocupações
722220;Demais Ocupações
722225;Demais Ocupações
722230;Demais Ocupações
722235;Demais Ocupações
722305;Demais Ocupações
722310;Demais Ocupações
722315;Demais Ocupações
722320;Demais Ocupações
722325;Demais Ocupações
722330;Demais Ocupações
722405;Demais Ocupações
722410;Demais Ocupações
722415;Demais Ocupações
723105;Demais Ocupações
723110;Demais Ocupações
723115;Demais Ocupações
723120;Demais Ocupações
723125;Demais Ocupações
723205;Demais Ocupações
723210;Demais Ocupações
723215;Demais Ocupações
723220;Demais Ocupações
723225;Demais Ocupações
723230;Demais Ocupações
723235;Demais Ocupações
723240;Demais Ocupações
723305;Demais Ocupações
723310;Demais Ocupações
723315;Demais Ocupações
723320;Demais Ocupações
723325;Demais Ocupações
723330;Demais Ocupações
724105;Demais Ocupações
724110;Demais Ocupações
724115;Demais Ocupações
724120;Demais Ocupações
724125;Demais Ocupações
724130;Demais Ocupações
724135;Demais Ocupações
724205;Demais Ocupações
724210;Demais Ocupações
724215;Demais Ocupações
724220;Demais Ocupações
724225;Demais Ocupações
724230;Demais Ocupações
724305;Demais Ocupações
724310;Demais Ocupações
724315;Demais Ocupações
724320;Demais Ocupações
724325;Demais Ocupações
724405;Demais Ocupações
724410;Demais Ocupações
724415;Demais Ocupações
724420;Demais Ocupações
724425;Demais Ocupações
724430;Demais Ocupações
724435;Demais Ocupações
724440;Demais Ocupações
724505;Demais Ocupações
724510;Demais Ocupações
724515;Demais Ocupações
724605;Demais Ocupações
724610;Demais Ocupações
725005;Demais Ocupações
725010;Demais Ocupações
725015;Demais Ocupações
725020;Demais Ocupações
725025;Demais Ocupações
725105;Demais Ocupações
725205;Demais Ocupações
725210;Demais Ocupações
725215;Demais Ocupações
725220;Demais Ocupações
725225;Demais Ocupações
725305;Demais Ocupações
725310;Demais Ocupações
725315;Demais Ocupações
725320;Demais Ocupações
725405;Demais Ocupações
725410;Demais Ocupações
725415;Demais Ocupações
725420;Demais Ocupações
725505;Demais Ocupações
725510;Demais Ocupações
725605;Demais Ocupações
725610;Demais Ocupações
725705;Demais Ocupações
730105;Demais Ocupações
731105;Demais Ocupações
731110;Demais Ocupações
731115;Demais Ocupações
731120;Demais Ocupações
731125;Demais Ocupações
731130;Demais Ocupações
731135;Demais Ocupações
731140;Demais Ocupações
731145;Demais Ocupações
731150;Demais Ocupações
731155;Demais Ocupações
731160;Demais Ocupações
731165;Demais Ocupações
731170;Demais Ocupações
731175;Demais Ocupações
731180;Demais Ocupações
731205;Demais Ocupações
731305;Demais Ocupações
731310;Demais Ocupações
731315;Demais Ocupações
731320;Demais Ocupações
731325;Demais Ocupações
731330;Demais Ocupações
732105;Demais Ocupações
732110;Demais Ocupações
732115;Demais Ocupações
732120;Demais Ocupações
732125;Demais Ocupações
732130;Demais Ocupações
732135;Demais Ocupações
732140;Demais Ocupações
740105;Demais Ocupações
740110;Demais Ocupações
741105;Demais Ocupações
741110;Demais Ocupações
741115;Demais Ocupações
741120;Demais Ocupações
741125;Demais Ocupações
742105;Demais Ocupações
742110;Demais Ocupações
742115;Demais Ocupações
742120;Demais Ocupações
742125;Demais Ocupações
742130;Demais Ocupações
742135;Demais Ocupações
742140;Demais Ocupações
750105;Demais Ocupações
750205;Demais Ocupações
751005;Demais Ocupações
751010;Demais Ocupações
751015;Demais Ocupações
751020;Demais Ocupações
751105;Demais Ocupações
751110;Demais Ocupações
751115;Demais Ocupações
751120;Demais Ocupações
751125;Demais Ocupações
751130;Demais Ocupações
752105;Demais Ocupações
752110;Demais Ocupações
752115;Demais Ocupações
752120;Demais Ocupações
752205;Demais Ocupações
752210;Demais Ocupações
752215;Demais Ocupações
752220;Demais Ocupações
752225;Demais Ocupações
752230;Demais Ocupações
752235;Demais Ocupações
752305;Demais Ocupações
752310;Demais Ocupações
752315;Demais Ocupações
752320;Demais Ocupações
752325;Demais Ocupações
752330;Demais Ocupações
752405;Demais Ocupações
752410;Demais Ocupações
752415;Demais Ocupações
752420;Demais Ocupações
752425;Demais Ocupações
752430;Demais Ocupações
760105;Demais Ocupações
760110;Demais Ocupações
760115;Demais Ocupações
760120;Demais Ocupações
760125;Demais Ocupações
760205;Demais Ocupações
760305;Demais Ocupações
760310;Demais Ocupações
760405;Demais Ocupações
760505;Demais Ocupações
760605;Demais Ocupações
761005;Demais Ocupações
761105;Demais Ocupações
761110;Demais Ocupações
761205;Demais Ocupações
761210;Demais Ocupações
761215;Demais Ocupações
761220;Demais Ocupações
761225;Demais Ocupações
761230;Demais Ocupações
761235;Demais Ocupações
761240;Demais Ocupações
761245;Demais Ocupações
761250;Demais Ocupações
761255;Demais Ocupações
761260;Demais Ocupações
761303;Demais Ocupações
761306;Demais Ocupações
761309;Demais Ocupações
761312;Demais Ocupações
761315;Demais Ocupações
761318;Demais Ocupações
761321;Demais Ocupações
761324;Demais Ocupações
761327;Demais Ocupações
761330;Demais Ocupações
761333;Demais Ocupações
761336;Demais Ocupações
761339;Demais Ocupações
761342;Demais Ocupações
761345;Demais Ocupações
761348;Demais Ocupações
761351;Demais Ocupações
761354;Demais Ocupações
761357;Demais Ocupações
761360;Demais Ocupações
761363;Demais Ocupações
761366;Demais Ocupações
761405;Demais Ocupações
761410;Demais Ocupações
761415;Demais Ocupações
761420;Demais Ocupações
761425;Demais Ocupações
761430;Demais Ocupações
761435;Demais Ocupações
761805;Demais Ocupações
761810;Demais Ocupações
761815;Demais Ocupações
761820;Demais Ocupações
762005;Demais Ocupações
762105;Demais Ocupações
762110;Demais Ocupações
762115;Demais Ocupações
762120;Demais Ocupações
762125;Demais Ocupações
762205;Demais Ocupações
762210;Demais Ocupações
762215;Demais Ocupações
762220;Demais Ocupações
762305;Demais Ocupações
762310;Demais Ocupações
762315;Demais Ocupações
762320;Demais Ocupações
762325;Demais Ocupações
762330;Demais Ocupações
762335;Demais Ocupações
762340;Demais Ocupações
762345;Demais Ocupações
763005;Demais Ocupações
763010;Demais Ocupações
763015;Demais Ocupações
763020;Demais Ocupações
763105;Demais Ocupações
763110;Demais Ocupações
763115;Demais Ocupações
763120;Demais Ocupações
763125;Demais Ocupações
763205;Demais Ocupações
763210;Demais Ocupações
763215;Demais Ocupações
763305;Demais Ocupações
763310;Demais Ocupações
763315;Demais Ocupações
763320;Demais Ocupações
763325;Demais Ocupações
764005;Demais Ocupações
764105;Demais Ocupações
764110;Demais Ocupações
764115;Demais Ocupações
764120;Demais Ocupações
764205;Demais Ocupações
764210;Demais Ocupações
764305;Demais Ocupações
765005;Demais Ocupações
765010;Demais Ocupações
765015;Demais Ocupações
765105;Demais Ocupações
765110;Demais Ocupações
765205;Demais Ocupações
765215;Demais Ocupações
765225;Demais Ocupações
765230;Demais Ocupações
765235;Demais Ocupações
765240;Demais Ocupações
765310;Demais Ocupações
765315;Demais Ocupações
765405;Demais Ocupações
766105;Demais Ocupações
766115;Demais Ocupações
766120;Demais Ocupações
766125;Demais Ocupações
766130;Demais Ocupações
766135;Demais Ocupações
766140;Demais Ocupações
766145;Demais Ocupações
766150;Demais Ocupações
766155;Demais Ocupações
766205;Demais Ocupações
766210;Demais Ocupações
766215;Demais Ocupações
766220;Demais Ocupações
766225;Demais Ocupações
766230;Demais Ocupações
766235;Demais Ocupações
766240;Demais Ocupações
766245;Demais Ocupações
766250;Demais Ocupações
766305;Demais Ocupações
766310;Demais Ocupações
766315;Demais Ocupações
766320;Demais Ocupações
766325;Demais Ocupações
766405;Demais Ocupações
766410;Demais Ocupações
766415;Demais Ocupações
766420;Demais Ocupações
768105;Demais Ocupações
768110;Demais Ocupações
768115;Demais Ocupações
768120;Demais Ocupações
768125;Demais Ocupações
768130;Demais Ocupações
768205;Demais Ocupações
768210;Demais Ocupações
768305;Demais Ocupações
768310;Demais Ocupações
768315;Demais Ocupações
768320;Demais Ocupações
768325;Demais Ocupações
768605;Demais Ocupações
768610;Demais Ocupações
768615;Demais Ocupações
768620;Demais Ocupações
768625;Demais Ocupações
768630;Demais Ocupações
768705;Demais Ocupações
768710;Demais Ocupações
770105;Demais Ocupações
770110;Demais Ocupações
771105;Demais Ocupações
771110;Demais Ocupações
771115;Demais Ocupações
771120;Demais Ocupações
772105;Demais Ocupações
772110;Demais Ocupações
772115;Demais Ocupações
773105;Demais Ocupações
773110;Demais Ocupações
773115;Demais Ocupações
773120;Demais Ocupações
773125;Demais Ocupações
773130;Demais Ocupações
773205;Demais Ocupações
773210;Demais Ocupações
773215;Demais Ocupações
773220;Demais Ocupações
773305;Demais Ocupações
773310;Demais Ocupações
773315;Demais Ocupações
773320;Demais Ocupações
773325;Demais Ocupações
773330;Demais Ocupações
773335;Demais Ocupações
773340;Demais Ocupações
773345;Demais Ocupações
773350;Demais Ocupações
773355;Demais Ocupações
773405;Demais Ocupações
773410;Demais Ocupações
773415;Demais Ocupações
773420;Demais Ocupações
773505;Demais Ocupações
773510;Demais Ocupações
774105;Demais Ocupações
775105;Demais Ocupações
775110;Demais Ocupações
775115;Demais Ocupações
775120;Demais Ocupações
776405;Demais Ocupações
776410;Demais Ocupações
776415;Demais Ocupações
776420;Demais Ocupações
776425;Demais Ocupações
776430;Demais Ocupações
777105;Demais Ocupações
777110;Demais Ocupações
777115;Demais Ocupações
777205;Demais Ocupações
777210;Demais Ocupações
780105;Demais Ocupações
781105;Demais Ocupações
781110;Demais Ocupações
781305;Demais Ocupações
781705;Demais Ocupações
782105;Demais Ocupações
782110;Demais Ocupações
782115;Demais Ocupações
782120;Demais Ocupações
782125;Demais Ocupações
782130;Demais Ocupações
782135;Demais Ocupações
782140;Demais Ocupações
782145;Demais Ocupações
782205;Demais Ocupações
782210;Demais Ocupações
782220;Demais Ocupações
782305;Demais Ocupações
782310;Demais Ocupações
782315;Demais Ocupações
782320;Demais Ocupações
782405;Demais Ocupações
782410;Demais Ocupações
782415;Demais Ocupações
782505;Demais Ocupações
782510;Demais Ocupações
782515;Demais Ocupações
782605;Demais Ocupações
782610;Demais Ocupações
782615;Demais Ocupações
782620;Demais Ocupações
782625;Demais Ocupações
782630;Demais Ocupações
782705;Demais Ocupações
782710;Demais Ocupações
782715;Demais Ocupações
782720;Demais Ocupações
782725;Demais Ocupações
782730;Demais Ocupações
782735;Demais Ocupações
782805;Demais Ocupações
782810;Demais Ocupações
782815;Demais Ocupações
782820;Demais Ocupações
783105;Demais Ocupações
783110;Demais Ocupações
783205;Demais Ocupações
783210;Demais Ocupações
783215;Demais Ocupações
783220;Demais Ocupações
783225;Demais Ocupações
783230;Demais Ocupações
783235;Demais Ocupações
783240;Demais Ocupações
784105;Demais Ocupações
784110;Demais Ocupações
784115;Demais Ocupações
784120;Demais Ocupações
784125;Demais Ocupações
784205;Demais Ocupações
791105;Demais Ocupações
791110;Demais Ocupações
791115;Demais Ocupações
791120;Demais Ocupações
791125;Demais Ocupações
791130;Demais Ocupações
791135;Demais Ocupações
791140;Demais Ocupações
791145;Demais Ocupações
791150;Demais Ocupações
791155;Demais Ocupações
791160;Demais Ocupações
810105;Demais Ocupações
810110;Demais Ocupações
810205;Demais Ocupações
810305;Demais Ocupações
811005;Demais Ocupações
811010;Demais Ocupações
811105;Demais Ocupações
811110;Demais Ocupações
811115;Demais Ocupações
811120;Demais Ocupações
811125;Demais Ocupações
811130;Demais Ocupações
811205;Demais Ocupações
811215;Demais Ocupações
811305;Demais Ocupações
811310;Demais Ocupações
811315;Demais Ocupações
811320;Demais Ocupações
811325;Demais Ocupações
811330;Demais Ocupações
811335;Demais Ocupações
811405;Demais Ocupações
811410;Demais Ocupações
811415;Demais Ocupações
811420;Demais Ocupações
811425;Demais Ocupações
811430;Demais Ocupações
811505;Demais Ocupações
811510;Demais Ocupações
811605;Demais Ocupações
811610;Demais Ocupações
811615;Demais Ocupações
811620;Demais Ocupações
811625;Demais Ocupações
811630;Demais Ocupações
811635;Demais Ocupações
811640;Demais Ocupações
811645;Demais Ocupações
811650;Demais Ocupações
811705;Demais Ocupações
811710;Demais Ocupações
811715;Demais Ocupações
811725;Demais Ocupações
811735;Demais Ocupações
811745;Demais Ocupações
811750;Demais Ocupações
811760;Demais Ocupações
811770;Demais Ocupações
811775;Demais Ocupações
811805;Demais Ocupações
811810;Demais Ocupações
811815;Demais Ocupações
811820;Demais Ocupações
812105;Demais Ocupações
812110;Demais Ocupações
813105;Demais Ocupações
813110;Demais Ocupações
813115;Demais Ocupações
813120;Demais Ocupações
813125;Demais Ocupações
813130;Demais Ocupações
818105;Demais Ocupações
818110;Demais Ocupações
820105;Demais Ocupações
820110;Demais Ocupações
820115;Demais Ocupações
820120;Demais Ocupações
820125;Demais Ocupações
820205;Demais Ocupações
820210;Demais Ocupações
821105;Demais Ocupações
821110;Demais Ocupações
821205;Demais Ocupações
821210;Demais Ocupações
821215;Demais Ocupações
821220;Demais Ocupações
821225;Demais Ocupações
821230;Demais Ocupações
821235;Demais Ocupações
821240;Demais Ocupações
821245;Demais Ocupações
821250;Demais Ocupações
821255;Demais Ocupações
821305;Demais Ocupações
821310;Demais Ocupações
821315;Demais Ocupações
821320;Demais Ocupações
821325;Demais Ocupações
821330;Demais Ocupações
821335;Demais Ocupações
821405;Demais Ocupações
821410;Demais Ocupações
821415;Demais Ocupações
821420;Demais Ocupações
821425;Demais Ocupações
821430;Demais Ocupações
821435;Demais Ocupações
821440;Demais Ocupações
821445;Demais Ocupações
821450;Demais Ocupações
822105;Demais Ocupações
822110;Demais Ocupações
822115;Demais Ocupações
822120;Demais Ocupações
822125;Demais Ocupações
823105;Demais Ocupações
823110;Demais Ocupações
823115;Demais Ocupações
823120;Demais Ocupações
823125;Demais Ocupações
823130;Demais Ocupações
823135;Demais Ocupações
823210;Demais Ocupações
823215;Demais Ocupações
823220;Demais Ocupações
823230;Demais Ocupações
823235;Demais Ocupações
823240;Demais Ocupações
823245;Demais Ocupações
823250;Demais Ocupações
823255;Demais Ocupações
823265;Demais Ocupações
823305;Demais Ocupações
823315;Demais Ocupações
823320;Demais Ocupações
823325;Demais Ocupações
823330;Demais Ocupações
828105;Demais Ocupações
828110;Demais Ocupações
830105;Demais Ocupações
831105;Demais Ocupações
831110;Demais Ocupações
831115;Demais Ocupações
831120;Demais Ocupações
831125;Demais Ocupações
832105;Demais Ocupações
832110;Demais Ocupações
832115;Demais Ocupações
832120;Demais Ocupações
832125;Demais Ocupações
832135;Demais Ocupações
833105;Demais Ocupações
833110;Demais Ocupações
833115;Demais Ocupações
833120;Demais Ocupações
833125;Demais Ocupações
833205;Demais Ocupações
840105;Demais Ocupações
840110;Demais Ocupações
840115;Demais Ocupações
840120;Demais Ocupações
841105;Demais Ocupações
841110;Demais Ocupações
841115;Demais Ocupações
841205;Demais Ocupações
841210;Demais Ocupações
841305;Demais Ocupações
841310;Demais Ocupações
841315;Demais Ocupações
841320;Demais Ocupações
841408;Demais Ocupações
841416;Demais Ocupações
841420;Demais Ocupações
841428;Demais Ocupações
841432;Demais Ocupações
841440;Demais Ocupações
841444;Demais Ocupações
841448;Demais Ocupações
841456;Demais Ocupações
841460;Demais Ocupações
841464;Demais Ocupações
841468;Demais Ocupações
841472;Demais Ocupações
841476;Demais Ocupações
841484;Demais Ocupações
841505;Demais Ocupações
841605;Demais Ocupações
841610;Demais Ocupações
841615;Demais Ocupações
841620;Demais Ocupações
841625;Demais Ocupações
841630;Demais Ocupações
841705;Demais Ocupações
841710;Demais Ocupações
841715;Demais Ocupações
841720;Demais Ocupações
841725;Demais Ocupações
841730;Demais Ocupações
841735;Demais Ocupações
841740;Demais Ocupações
841745;Demais Ocupações
841805;Demais Ocupações
841810;Demais Ocupações
841815;Demais Ocupações
842105;Demais Ocupações
842110;Demais Ocupações
842115;Demais Ocupações
842120;Demais Ocupações
842125;Demais Ocupações
842135;Demais Ocupações
842205;Demais Ocupações
842210;Demais Ocupações
842215;Demais Ocupações
842220;Demais Ocupações
842225;Demais Ocupações
842230;Demais Ocupações
842235;Demais Ocupações
848105;Demais Ocupações
848110;Demais Ocupações
848115;Demais Ocupações
848205;Demais Ocupações
848210;Demais Ocupações
848215;Demais Ocupações
848305;Demais Ocupações
848310;Demais Ocupações
848315;Demais Ocupações
848325;Demais Ocupações
848405;Demais Ocupações
848410;Demais Ocupações
848415;Demais Ocupações
848420;Demais Ocupações
848425;Demais Ocupações
848505;Demais Ocupações
848510;Demais Ocupações
848515;Demais Ocupações
848520;Demais Ocupações
848525;Demais Ocupações
848605;Demais Ocupações
860105;Demais Ocupações
860110;Demais Ocupações
860115;Demais Ocupações
861105;Demais Ocupações
861110;Demais Ocupações
861115;Demais Ocupações
861120;Demais Ocupações
861205;Demais Ocupações
862105;Demais Ocupações
862110;Demais Ocupações
862115;Demais Ocupações
862120;Demais Ocupações
862130;Demais Ocupações
862140;Demais Ocupações
862150;Demais Ocupações
862155;Demais Ocupações
862160;Demais Ocupações
862205;Demais Ocupações
862305;Demais Ocupações
862310;Demais Ocupações
862405;Demais Ocupações
862505;Demais Ocupações
862510;Demais Ocupações
862515;Demais Ocupações
910105;Demais Ocupações
910110;Demais Ocupações
910115;Demais Ocupações
910120;Demais Ocupações
910125;Demais Ocupações
910130;Demais Ocupações
910205;Demais Ocupações
910210;Demais Ocupações
910905;Demais Ocupações
910910;Demais Ocupações
911105;Demais Ocupações
911110;Demais Ocupações
911115;Demais Ocupações
911120;Demais Ocupações
911125;Demais Ocupações
911130;Demais Ocupações
911135;Demais Ocupações
911205;Demais Ocupações
911305;Demais Ocupações
911310;Demais Ocupações
911315;Demais Ocupações
911320;Demais Ocupações
911325;Demais Ocupações
913105;Demais Ocupações
913110;Demais Ocupações
913115;Demais Ocupações
913120;Demais Ocupações
914105;Demais Ocupações
914110;Demais Ocupações
914205;Demais Ocupações
914305;Demais Ocupações
914405;Demais Ocupações
914410;Demais Ocupações
914415;Demais Ocupações
914420;Demais Ocupações
914425;Demais Ocupações
915105;Demais Ocupações
915110;Demais Ocupações
915115;Demais Ocupações
915205;Demais Ocupações
915210;Demais Ocupações
915215;Demais Ocupações
915305;Demais Ocupações
915405;Demais Ocupações
919105;Demais Ocupações
919110;Demais Ocupações
919115;Demais Ocupações
919205;Demais Ocupações
919305;Demais Ocupações
919310;Demais Ocupações
919315;Demais Ocupações
950105;Demais Ocupações
950110;Demais Ocupações
950205;Demais Ocupações
950305;Demais Ocupações
951105;Demais Ocupações
951305;Demais Ocupações
951310;Demais Ocupações
951315;Demais Ocupações
951320;Demais Ocupações
953105;Demais Ocupações
953110;Demais Ocupações
953115;Demais Ocupações
954105;Demais Ocupações
954110;Demais Ocupações
954115;Demais Ocupações
954120;Demais Ocupações
954125;Demais Ocupações
954205;Demais Ocupações
954210;Demais Ocupações
954305;Demais Ocupações
991105;Demais Ocupações
991110;Demais Ocupações
991115;Demais Ocupações
991120;Demais Ocupações
991205;Demais Ocupações
991305;Demais Ocupações
991310;Demais Ocupações
991315;Demais Ocupações
991405;Demais Ocupações
991416;Demais Ocupações
992105;Demais Ocupações
992110;Demais Ocupações
992115;Demais Ocupações
992120;Demais Ocupações
992205;Demais Ocupações
992210;Demais Ocupações
992215;Demais Ocupações
992220;Demais Ocupações
992225;Demais Ocupações
0000-1;Demais Ocupações
